<?xml version="1.0"?>
<!--<!DOCTYPE metadata SYSTEM "http://www.esri.com/metadata/esriprof80.dtd">-->
<metadata xml:lang="en"><Esri><CreaDate>20170529</CreaDate><CreaTime>08530000</CreaTime><SyncOnce>TRUE</SyncOnce><DataProperties><lineage><Process ToolSource="D:\ArcGIS\ArcToolbox\Toolboxes\Data Management Tools.tbx\DeleteFeatures" Date="20121105" Time="181952">DeleteFeatures "Database Connections\gdm@pdn4.sde\GDM.LTALayers\GDM.Railing" "Database Connections\gdm@pdn4.sde\GDM.LTALayers\GDM.Railing"</Process><Process ToolSource="D:\ArcGIS\ArcToolbox\Toolboxes\Data Management Tools.tbx\AddField" Date="20140801" Time="195457">AddField D:\Data\GDMPDN4.sde\GDM.LTALayers\GDM.Railing REMARKS TEXT # # 200 Remarks NULLABLE NON_REQUIRED # D:\Data\GDMPDN4.sde\GDM.LTALayers\GDM.Railing</Process><Process ToolSource="D:\ArcGIS\ArcToolbox\Toolboxes\Data Management Tools.tbx\DeleteFeatures" Date="20140804" Time="104625">DeleteFeatures "D:\DATA\Connection to GDM PDN4.sde\GDM.LTALayers\GDM.Railing" "D:\DATA\Connection to GDM PDN4.sde\GDM.LTALayers\GDM.Railing"</Process></lineage></DataProperties><MetaID>{9047F457-6909-436D-932F-A3A109615916}</MetaID></Esri><idinfo><citation><citeinfo><onlink Sync="TRUE"></onlink></citeinfo></citation></idinfo><distInfo><distributor><distorTran><onLineSrc><linkage Sync="TRUE">file://</linkage><protocol Sync="TRUE">Local Area Network</protocol></onLineSrc></distorTran></distributor></distInfo><dataqual><lineage><procstep><procdesc Sync="TRUE">Dataset copied.</procdesc><srcused Sync="TRUE">Server=HUPA19; Service=5181; User=GDM; Version=SDE.DEFAULT</srcused><procdate Sync="TRUE">20170529</procdate><proctime Sync="TRUE">08530000</proctime></procstep></lineage></dataqual></metadata>
