<?xml version="1.0"?>
<!--<!DOCTYPE metadata SYSTEM "http://www.esri.com/metadata/esriprof80.dtd">-->
<metadata xml:lang="en"><Esri><CreaDate>20170529</CreaDate><CreaTime>08532500</CreaTime><SyncOnce>TRUE</SyncOnce><DataProperties><lineage><Process ToolSource="D:\ArcGIS\ArcToolbox\Toolboxes\Data Management Tools.tbx\DeleteFeatures" Date="20121105" Time="182928">DeleteFeatures "Database Connections\gdm@pdn4.sde\GDM.LTALayers\GDM.StreetPaint" "Database Connections\gdm@pdn4.sde\GDM.LTALayers\GDM.StreetPaint"</Process><Process ToolSource="D:\ArcGIS\ArcToolbox\Toolboxes\Data Management Tools.tbx\AddField" Date="20140801" Time="195635">AddField D:\Data\GDMPDN4.sde\GDM.LTALayers\GDM.StreetPaint REMARKS TEXT # # 200 Remarks NULLABLE NON_REQUIRED # D:\Data\GDMPDN4.sde\GDM.LTALayers\GDM.StreetPaint</Process><Process ToolSource="D:\ArcGIS\ArcToolbox\Toolboxes\Data Management Tools.tbx\DeleteFeatures" Date="20140804" Time="104415">DeleteFeatures "D:\DATA\Connection to GDM PDN4.sde\GDM.LTALayers\GDM.StreetPaint" "D:\DATA\Connection to GDM PDN4.sde\GDM.LTALayers\GDM.StreetPaint"</Process></lineage></DataProperties><MetaID>{6F55A0E4-2F9D-47A8-A0E9-48D91796067A}</MetaID></Esri><idinfo><citation><citeinfo><onlink Sync="TRUE"></onlink></citeinfo></citation></idinfo><distInfo><distributor><distorTran><onLineSrc><linkage Sync="TRUE">file://</linkage><protocol Sync="TRUE">Local Area Network</protocol></onLineSrc></distorTran></distributor></distInfo><dataqual><lineage><procstep><procdesc Sync="TRUE">Dataset copied.</procdesc><srcused Sync="TRUE">Server=HUPA19; Service=5181; User=GDM; Version=SDE.DEFAULT</srcused><procdate Sync="TRUE">20170529</procdate><proctime Sync="TRUE">08532500</proctime></procstep></lineage></dataqual></metadata>
