<?xml version="1.0"?>
<!--<!DOCTYPE metadata SYSTEM "http://www.esri.com/metadata/esriprof80.dtd">-->
<metadata xml:lang="en"><Esri><CreaDate>20170525</CreaDate><CreaTime>09555000</CreaTime><SyncOnce>TRUE</SyncOnce><DataProperties><lineage><Process ToolSource="D:\ArcGIS\ArcToolbox\Toolboxes\Data Management Tools.tbx\DeleteFeatures" Date="20121105" Time="175659">DeleteFeatures "Database Connections\gdm@pdn4.sde\GDM.LTALayers\GDM.ArrowMarking" "Database Connections\gdm@pdn4.sde\GDM.LTALayers\GDM.ArrowMarking"</Process><Process ToolSource="D:\ArcGIS\ArcToolbox\Toolboxes\Data Management Tools.tbx\AddField" Date="20140801" Time="195257">AddField D:\Data\GDMPDN4.sde\GDM.LTALayers\GDM.ArrowMarking REMARKS TEXT # # 200 Remarks NULLABLE NON_REQUIRED # D:\Data\GDMPDN4.sde\GDM.LTALayers\GDM.ArrowMarking</Process><Process ToolSource="D:\ArcGIS\ArcToolbox\Toolboxes\Data Management Tools.tbx\DeleteFeatures" Date="20140804" Time="095900">DeleteFeatures "D:\DATA\Connection to GDM PDN4.sde\GDM.LTALayers\GDM.ArrowMarking" "D:\DATA\Connection to GDM PDN4.sde\GDM.LTALayers\GDM.ArrowMarking"</Process></lineage></DataProperties><MetaID>{5E185825-EFFF-48E7-93EA-B211E9026EB6}</MetaID></Esri><idinfo><citation><citeinfo><onlink Sync="TRUE"></onlink></citeinfo></citation></idinfo><distInfo><distributor><distorTran><onLineSrc><linkage Sync="TRUE">file://</linkage><protocol Sync="TRUE">Local Area Network</protocol></onLineSrc></distorTran></distributor></distInfo><dataqual><lineage><procstep><procdesc Sync="TRUE">Dataset copied.</procdesc><srcused Sync="TRUE">Server=HUPA19; Service=5181; User=GDM; Version=SDE.DEFAULT</srcused><procdate Sync="TRUE">20170525</procdate><proctime Sync="TRUE">09555100</proctime></procstep></lineage></dataqual></metadata>
