<?xml version="1.0"?>
<!--<!DOCTYPE metadata SYSTEM "http://www.esri.com/metadata/esriprof80.dtd">-->
<metadata xml:lang="en"><Esri><CreaDate>20170525</CreaDate><CreaTime>10064400</CreaTime><SyncOnce>TRUE</SyncOnce><DataProperties><lineage><Process ToolSource="D:\ArcGIS\ArcToolbox\Toolboxes\Data Management Tools.tbx\DeleteFeatures" Date="20121105" Time="183005">DeleteFeatures "Database Connections\gdm@pdn4.sde\GDM.LTALayers\GDM.TrafficSignalAspect" "Database Connections\gdm@pdn4.sde\GDM.LTALayers\GDM.TrafficSignalAspect"</Process><Process ToolSource="D:\ArcGIS\ArcToolbox\Toolboxes\Data Management Tools.tbx\AddField" Date="20140801" Time="195651">AddField D:\Data\GDMPDN4.sde\GDM.LTALayers\GDM.TrafficSignalAspect REMARKS TEXT # # 200 Remarks NULLABLE NON_REQUIRED # D:\Data\GDMPDN4.sde\GDM.LTALayers\GDM.TrafficSignalAspect</Process><Process ToolSource="D:\ArcGIS\ArcToolbox\Toolboxes\Data Management Tools.tbx\DeleteFeatures" Date="20140804" Time="104043">DeleteFeatures "D:\DATA\Connection to GDM PDN4.sde\GDM.LTALayers\GDM.TrafficSignalAspect" "D:\DATA\Connection to GDM PDN4.sde\GDM.LTALayers\GDM.TrafficSignalAspect"</Process></lineage></DataProperties><MetaID>{D82C2082-0DDD-478F-B045-577483B17F7C}</MetaID></Esri><idinfo><citation><citeinfo><onlink Sync="TRUE"></onlink></citeinfo></citation></idinfo><distInfo><distributor><distorTran><onLineSrc><linkage Sync="TRUE">file://</linkage><protocol Sync="TRUE">Local Area Network</protocol></onLineSrc></distorTran></distributor></distInfo><dataqual><lineage><procstep><procdesc Sync="TRUE">Dataset copied.</procdesc><srcused Sync="TRUE">Server=HUPA19; Service=5181; User=GDM; Version=SDE.DEFAULT</srcused><procdate Sync="TRUE">20170525</procdate><proctime Sync="TRUE">10064400</proctime></procstep></lineage></dataqual></metadata>
